email,password
student.0001@stress.watum.ac.id,stress123
student.0002@stress.watum.ac.id,stress123
student.0003@stress.watum.ac.id,stress123
student.0004@stress.watum.ac.id,stress123
student.0005@stress.watum.ac.id,stress123
student.0006@stress.watum.ac.id,stress123
student.0007@stress.watum.ac.id,stress123
student.0008@stress.watum.ac.id,stress123
student.0009@stress.watum.ac.id,stress123
student.0010@stress.watum.ac.id,stress123
student.0011@stress.watum.ac.id,stress123
student.0012@stress.watum.ac.id,stress123
student.0013@stress.watum.ac.id,stress123
student.0014@stress.watum.ac.id,stress123
student.0015@stress.watum.ac.id,stress123
student.0016@stress.watum.ac.id,stress123
student.0017@stress.watum.ac.id,stress123
student.0018@stress.watum.ac.id,stress123
student.0019@stress.watum.ac.id,stress123
student.0020@stress.watum.ac.id,stress123
student.0021@stress.watum.ac.id,stress123
student.0022@stress.watum.ac.id,stress123
student.0023@stress.watum.ac.id,stress123
student.0024@stress.watum.ac.id,stress123
student.0025@stress.watum.ac.id,stress123
student.0026@stress.watum.ac.id,stress123
student.0027@stress.watum.ac.id,stress123
student.0028@stress.watum.ac.id,stress123
student.0029@stress.watum.ac.id,stress123
student.0030@stress.watum.ac.id,stress123
student.0031@stress.watum.ac.id,stress123
student.0032@stress.watum.ac.id,stress123
student.0033@stress.watum.ac.id,stress123
student.0034@stress.watum.ac.id,stress123
student.0035@stress.watum.ac.id,stress123
student.0036@stress.watum.ac.id,stress123
student.0037@stress.watum.ac.id,stress123
student.0038@stress.watum.ac.id,stress123
student.0039@stress.watum.ac.id,stress123
student.0040@stress.watum.ac.id,stress123
student.0041@stress.watum.ac.id,stress123
student.0042@stress.watum.ac.id,stress123
student.0043@stress.watum.ac.id,stress123
student.0044@stress.watum.ac.id,stress123
student.0045@stress.watum.ac.id,stress123
student.0046@stress.watum.ac.id,stress123
student.0047@stress.watum.ac.id,stress123
student.0048@stress.watum.ac.id,stress123
student.0049@stress.watum.ac.id,stress123
student.0050@stress.watum.ac.id,stress123
student.0051@stress.watum.ac.id,stress123
student.0052@stress.watum.ac.id,stress123
student.0053@stress.watum.ac.id,stress123
student.0054@stress.watum.ac.id,stress123
student.0055@stress.watum.ac.id,stress123
student.0056@stress.watum.ac.id,stress123
student.0057@stress.watum.ac.id,stress123
student.0058@stress.watum.ac.id,stress123
student.0059@stress.watum.ac.id,stress123
student.0060@stress.watum.ac.id,stress123
student.0061@stress.watum.ac.id,stress123
student.0062@stress.watum.ac.id,stress123
student.0063@stress.watum.ac.id,stress123
student.0064@stress.watum.ac.id,stress123
student.0065@stress.watum.ac.id,stress123
student.0066@stress.watum.ac.id,stress123
student.0067@stress.watum.ac.id,stress123
student.0068@stress.watum.ac.id,stress123
student.0069@stress.watum.ac.id,stress123
student.0070@stress.watum.ac.id,stress123
student.0071@stress.watum.ac.id,stress123
student.0072@stress.watum.ac.id,stress123
student.0073@stress.watum.ac.id,stress123
student.0074@stress.watum.ac.id,stress123
student.0075@stress.watum.ac.id,stress123
student.0076@stress.watum.ac.id,stress123
student.0077@stress.watum.ac.id,stress123
student.0078@stress.watum.ac.id,stress123
student.0079@stress.watum.ac.id,stress123
student.0080@stress.watum.ac.id,stress123
student.0081@stress.watum.ac.id,stress123
student.0082@stress.watum.ac.id,stress123
student.0083@stress.watum.ac.id,stress123
student.0084@stress.watum.ac.id,stress123
student.0085@stress.watum.ac.id,stress123
student.0086@stress.watum.ac.id,stress123
student.0087@stress.watum.ac.id,stress123
student.0088@stress.watum.ac.id,stress123
student.0089@stress.watum.ac.id,stress123
student.0090@stress.watum.ac.id,stress123
student.0091@stress.watum.ac.id,stress123
student.0092@stress.watum.ac.id,stress123
student.0093@stress.watum.ac.id,stress123
student.0094@stress.watum.ac.id,stress123
student.0095@stress.watum.ac.id,stress123
student.0096@stress.watum.ac.id,stress123
student.0097@stress.watum.ac.id,stress123
student.0098@stress.watum.ac.id,stress123
student.0099@stress.watum.ac.id,stress123
student.0100@stress.watum.ac.id,stress123
student.0101@stress.watum.ac.id,stress123
student.0102@stress.watum.ac.id,stress123
student.0103@stress.watum.ac.id,stress123
student.0104@stress.watum.ac.id,stress123
student.0105@stress.watum.ac.id,stress123
student.0106@stress.watum.ac.id,stress123
student.0107@stress.watum.ac.id,stress123
student.0108@stress.watum.ac.id,stress123
student.0109@stress.watum.ac.id,stress123
student.0110@stress.watum.ac.id,stress123
student.0111@stress.watum.ac.id,stress123
student.0112@stress.watum.ac.id,stress123
student.0113@stress.watum.ac.id,stress123
student.0114@stress.watum.ac.id,stress123
student.0115@stress.watum.ac.id,stress123
student.0116@stress.watum.ac.id,stress123
student.0117@stress.watum.ac.id,stress123
student.0118@stress.watum.ac.id,stress123
student.0119@stress.watum.ac.id,stress123
student.0120@stress.watum.ac.id,stress123
student.0121@stress.watum.ac.id,stress123
student.0122@stress.watum.ac.id,stress123
student.0123@stress.watum.ac.id,stress123
student.0124@stress.watum.ac.id,stress123
student.0125@stress.watum.ac.id,stress123
student.0126@stress.watum.ac.id,stress123
student.0127@stress.watum.ac.id,stress123
student.0128@stress.watum.ac.id,stress123
student.0129@stress.watum.ac.id,stress123
student.0130@stress.watum.ac.id,stress123
student.0131@stress.watum.ac.id,stress123
student.0132@stress.watum.ac.id,stress123
student.0133@stress.watum.ac.id,stress123
student.0134@stress.watum.ac.id,stress123
student.0135@stress.watum.ac.id,stress123
student.0136@stress.watum.ac.id,stress123
student.0137@stress.watum.ac.id,stress123
student.0138@stress.watum.ac.id,stress123
student.0139@stress.watum.ac.id,stress123
student.0140@stress.watum.ac.id,stress123
student.0141@stress.watum.ac.id,stress123
student.0142@stress.watum.ac.id,stress123
student.0143@stress.watum.ac.id,stress123
student.0144@stress.watum.ac.id,stress123
student.0145@stress.watum.ac.id,stress123
student.0146@stress.watum.ac.id,stress123
student.0147@stress.watum.ac.id,stress123
student.0148@stress.watum.ac.id,stress123
student.0149@stress.watum.ac.id,stress123
student.0150@stress.watum.ac.id,stress123
student.0151@stress.watum.ac.id,stress123
student.0152@stress.watum.ac.id,stress123
student.0153@stress.watum.ac.id,stress123
student.0154@stress.watum.ac.id,stress123
student.0155@stress.watum.ac.id,stress123
student.0156@stress.watum.ac.id,stress123
student.0157@stress.watum.ac.id,stress123
student.0158@stress.watum.ac.id,stress123
student.0159@stress.watum.ac.id,stress123
student.0160@stress.watum.ac.id,stress123
student.0161@stress.watum.ac.id,stress123
student.0162@stress.watum.ac.id,stress123
student.0163@stress.watum.ac.id,stress123
student.0164@stress.watum.ac.id,stress123
student.0165@stress.watum.ac.id,stress123
student.0166@stress.watum.ac.id,stress123
student.0167@stress.watum.ac.id,stress123
student.0168@stress.watum.ac.id,stress123
student.0169@stress.watum.ac.id,stress123
student.0170@stress.watum.ac.id,stress123
student.0171@stress.watum.ac.id,stress123
student.0172@stress.watum.ac.id,stress123
student.0173@stress.watum.ac.id,stress123
student.0174@stress.watum.ac.id,stress123
student.0175@stress.watum.ac.id,stress123
student.0176@stress.watum.ac.id,stress123
student.0177@stress.watum.ac.id,stress123
student.0178@stress.watum.ac.id,stress123
student.0179@stress.watum.ac.id,stress123
student.0180@stress.watum.ac.id,stress123
student.0181@stress.watum.ac.id,stress123
student.0182@stress.watum.ac.id,stress123
student.0183@stress.watum.ac.id,stress123
student.0184@stress.watum.ac.id,stress123
student.0185@stress.watum.ac.id,stress123
student.0186@stress.watum.ac.id,stress123
student.0187@stress.watum.ac.id,stress123
student.0188@stress.watum.ac.id,stress123
student.0189@stress.watum.ac.id,stress123
student.0190@stress.watum.ac.id,stress123
student.0191@stress.watum.ac.id,stress123
student.0192@stress.watum.ac.id,stress123
student.0193@stress.watum.ac.id,stress123
student.0194@stress.watum.ac.id,stress123
student.0195@stress.watum.ac.id,stress123
student.0196@stress.watum.ac.id,stress123
student.0197@stress.watum.ac.id,stress123
student.0198@stress.watum.ac.id,stress123
student.0199@stress.watum.ac.id,stress123
student.0200@stress.watum.ac.id,stress123
student.0201@stress.watum.ac.id,stress123
student.0202@stress.watum.ac.id,stress123
student.0203@stress.watum.ac.id,stress123
student.0204@stress.watum.ac.id,stress123
student.0205@stress.watum.ac.id,stress123
student.0206@stress.watum.ac.id,stress123
student.0207@stress.watum.ac.id,stress123
student.0208@stress.watum.ac.id,stress123
student.0209@stress.watum.ac.id,stress123
student.0210@stress.watum.ac.id,stress123
student.0211@stress.watum.ac.id,stress123
student.0212@stress.watum.ac.id,stress123
student.0213@stress.watum.ac.id,stress123
student.0214@stress.watum.ac.id,stress123
student.0215@stress.watum.ac.id,stress123
student.0216@stress.watum.ac.id,stress123
student.0217@stress.watum.ac.id,stress123
student.0218@stress.watum.ac.id,stress123
student.0219@stress.watum.ac.id,stress123
student.0220@stress.watum.ac.id,stress123
student.0221@stress.watum.ac.id,stress123
student.0222@stress.watum.ac.id,stress123
student.0223@stress.watum.ac.id,stress123
student.0224@stress.watum.ac.id,stress123
student.0225@stress.watum.ac.id,stress123
student.0226@stress.watum.ac.id,stress123
student.0227@stress.watum.ac.id,stress123
student.0228@stress.watum.ac.id,stress123
student.0229@stress.watum.ac.id,stress123
student.0230@stress.watum.ac.id,stress123
student.0231@stress.watum.ac.id,stress123
student.0232@stress.watum.ac.id,stress123
student.0233@stress.watum.ac.id,stress123
student.0234@stress.watum.ac.id,stress123
student.0235@stress.watum.ac.id,stress123
student.0236@stress.watum.ac.id,stress123
student.0237@stress.watum.ac.id,stress123
student.0238@stress.watum.ac.id,stress123
student.0239@stress.watum.ac.id,stress123
student.0240@stress.watum.ac.id,stress123
student.0241@stress.watum.ac.id,stress123
student.0242@stress.watum.ac.id,stress123
student.0243@stress.watum.ac.id,stress123
student.0244@stress.watum.ac.id,stress123
student.0245@stress.watum.ac.id,stress123
student.0246@stress.watum.ac.id,stress123
student.0247@stress.watum.ac.id,stress123
student.0248@stress.watum.ac.id,stress123
student.0249@stress.watum.ac.id,stress123
student.0250@stress.watum.ac.id,stress123
